the,744
a,213
of,132
to,123
and,118
in,87
is,81
was,67
on,59
with,52
it,36
for,35
he,34
from,29
will,29
are,29
his,25
we,21
at,20
were,18
but,18
into,17
that,17
your,16
you,16
they,16
when,15
this,14
by,13
out,12
than,12
be,12
old,12
there,11
high,11
red,11
these,10
fine,10
used,10
small,10
hot,10
strong,10
new,10
green,10
she,10
up,10
wall,10
as,10
down,10
round,9
makes,9
hard,9
her,9
young,9
two,9
before,9
way,9
water,9
thin,9
good,9
blue,8
take,8
no,8
sharp,8
kept,8
him,8
both,8
side,8
dull,8
each,8
most,8
bright,8
best,8
last,8
or,8
gold,8
box,7
us,7
large,7
clear,7
back,7
tea,7
left,7
wide,7
road,7
grass,7
over,7
write,7
more,7
men,7
make,7
brown,7
its,7
brass,7
top,7
made,7
man,7
all,7
now,7
paper,7
night,7
work,6
boy,6
sun,6
get,6
girl,6
tall,6
off,6
hung,6
early,6
ship,6
third,6
fence,6
once,6
store,6
air,6
their,6
cut,6
set,6
floor,6
see,6
along,6
don't,6
three,6
fire,6
leaves,6
wind,6
took,6
have,6
white,6
light,6
had,6
like,6
our,6
horse,6
much,6
takes,6
many,6
well,5
days,5
rare,5
rose,5
straight,5
through,5
pot,5
lack,5
broke,5
came,5
hole,5
coat,5
cat,5
what,5
show,5
next,5
lost,5
first,5
ran,5
mark,5
those,5
words,5
around,5
worn,5
big,5
case,5
door,5
tight,5
deep,5
ten,5
add,5
right,5
less,5
can,5
just,5
desk,5
day,5
not,5
fell,5
child,5
dog,5
dry,5
part,5
house,5
do,5
black,5
time,5
cold,5
smell,5
needs,5
pack,5
book,5
sheet,4
dark,4
tell,4
corn,4
spring,4
help,4
soft,4
salt,4
fish,4
full,4
same,4
read,4
home,4
lay,4
stone,4
fast,4
start,4
saw,4
moved,4
sweet,4
struck,4
edge,4
while,4
ink,4
town,4
beat,4
ring,4
thick,4
here,4
street,4
every,4
who,4
friends,4
ripe,4
taste,4
act,4
great,4
under,4
ice,4
low,4
could,4
bring,4
clothes,4
bad,4
stood,4
chair,4
wood,4
paint,4
sound,4
cloth,4
should,4
fun,4
serve,4
fly,4
clean,4
bank,4
some,4
form,4
corner,4
dust,4
end,4
slide,4
needed,4
better,4
come,4
little,4
sentences,4
hold,4
between,4
often,3
served,3
beside,3
steady,3
size,3
catch,3
pink,3
feet,3
flame,3
heat,3
fall,3
breeze,3
across,3
swan,3
far,3
short,3
morning,3
loud,3
note,3
gave,3
bell,3
joy,3
torn,3
week,3
square,3
seven,3
failed,3
mouse,3
march,3
cup,3
near,3
pencil,3
clock,3
drifts,3
china,3
leave,3
sand,3
stain,3
dried,3
without,3
pearl,3
fruit,3
hat,3
too,3
tried,3
pie,3
always,3
barn,3
cloud,3
quite,3
boat,3
stop,3
gives,3
pipe,3
open,3
glass,3
crawled,3
move,3
tree,3
turn,3
quick,3
blow,3
burn,3
carpet,3
found,3
find,3
done,3
contents,3
seen,3
shore,3
times,3
free,3
port,3
pure,3
spot,3
front,3
shirt,3
burned,3
empty,3
tin,3
drop,3
an,3
win,3
office,3
sad,3
tan,3
dirt,3
almost,3
sky,3
tales,3
waste,3
tired,3
put,3
flood,3
carved,3
head,3
has,3
where,3
pail,3
laugh,3
soap,3
went,3
wrote,3
wooden,3
covered,3
may,3
lead,3
drink,3
lamp,3
shone,3
then,3
jerk,3
rings,3
sat,3
jump,3
need,3
built,3
north,3
brought,3
one,3
room,3
beef,3
stew,3
food,3
cord,3
drive,3
odor,3
screen,3
tender,3
hands,3
watch,3
if,3
finish,3
space,3
plans,3
keep,3
neat,3
bowl,3
line,3
beach,3
lines,3
sent,3
children,3
fit,3
poor,3
long,3
crack,3
any,3
five,3
base,3
chart,3
heavy,3
lawn,3
say,3
straw,3
shoe,3
knife,3
few,3
cover,3
wet,3
cause,3
comes,3
birch,2
slid,2
smooth,2
glue,2
it's,2
easy,2
chicken,2
dish,2
rice,2
juice,2
punch,2
chopped,2
four,2
hours,2
sell,2
source,2
river,2
smoky,2
cushion,2
sea,2
sold,2
pup,2
twisted,2
turned,2
bent,2
press,2
pants,2
sew,2
button,2
vest,2
beauty,2
tank,2
useless,2
colt,2
threw,2
rider,2
hoist,2
winding,2
path,2
reach,2
lake,2
dirty,2
go,2
limp,2
birth,2
rang,2
apart,2
cool,2
rope,2
books,2
friendly,2
inside,2
crooked,2
making,2
boards,2
soldiers,2
past,2
sugar,2
fudge,2
place,2
porch,2
storm,2
talked,2
draft,2
half,2
field,2
snow,2
crash,2
yacht,2
point,2
met,2
page,2
seized,2
fight,2
horn,2
sleeping,2
firm,2
silver,2
force,2
scared,2
lawyer,2
lose,2
post,2
parts,2
rich,2
costs,2
eggs,2
play,2
seems,2
late,2
june,2
year,2
costly,2
pins,2
bill,2
cats,2
other,2
began,2
crate,2
break,2
sum,2
age,2
orders,2
pine,2
yellow,2
waved,2
log,2
after,2
logs,2
ordered,2
score,2
things,2
got,2
cracked,2
spilled,2
word,2
caught,2
rusty,2
trap,2
weak,2
swim,2
phrase,2
thirty,2
eyes,2
wise,2
friend,2
wine,2
jumped,2
gate,2
curls,2
graceful,2
mud,2
tray,2
couch,2
stories,2
coin,2
weight,2
jacket,2
blocks,2
skill,2
soak,2
steam,2
valve,2
sunday,2
pills,2
fired,2
felt,2
gay,2
miles,2
inches,2
block,2
apple,2
compass,2
float,2
fresh,2
such,2
even,2
cement,2
loss,2
second,2
stick,2
forget,2
main,2
grace,2
shaky,2
fans,2
music,2
try,2
floated,2
nothing,2
brand,2
soon,2
funds,2
tuesday,2
looked,2
held,2
freeze,2
gets,2
curtain,2
middle,2
prince,2
clay,2
others,2
pears,2
sure,2
enough,2
gray,2
stretched,2
tasty,2
bound,2
nine,2
dig,2
ruins,2
shelves,2
bare,2
crackers,2
shape,2
gently,2
fits,2
only,2
pierced,2
grew,2
want,2
gone,2
beer,2
brew,2
plant,2
tube,2
flat,2
join,2
cannot,2
six,2
rise,2
person,2
luck,2
care,2
screw,2
cap,2
years,2
plan,2
fill,2
jar,2
sticky,2
smoke,2
grain,2
against,2
edges,2
news,2
hear,2
lathe,2
pole,2
let,2
tack,2
must,2
plate,2
stream,2
away,2
distance,2
plead,2
sheep,2
lot,2
painted,2
fair,2
fur,2
goes,2
names,2
silk,2
dress,2
means,2
list,2
stones,2
drip,2
rain,2
pleasant,2
rum,2
story,2
sense,2
cuts,2
dense,2
crowd,2
ways,2
player,2
stale,2
raise,2
cents,2
peas,2
grow,2
led,2
wake,2
doubt,2
fasten,2
dip,2
health,2
zest,2
steel,2
slipped,2
rug,2
nose,2
coins,2
pay,2
debt,2
cart,2
my,2
glasses,2
phone,2
which,2
bills,2
month,2
pressed,2
life,2
kite,2
money,2
hatch,2
send,2
bag,2
wild,2
ground,2
sleep,2
mat,2
earth,2
weather,2
chance,2
shake,2
shoes,2
stranger,2
smile,2
tent,2
foot,2
fail,2
sandy,2
stiff,2
thing,2
name,2
farmer,2
board,2
mule,2
step,2
nail,2
school,2
fund,2
again,2
quickly,2
pile,2
settle,2
worse,2
blows,2
strike,2
please,2
canoe,1
planks,1
background,1
depth,1
leg,1
bowls,1
lemons,1
thrown,1
parked,1
truck,1
hogs,1
fed,1
garbage,1
faced,1
stockings,1
rod,1
salmon,1
huge,1
kick,1
ball,1
follow,1
woman,1
helps,1
pass,1
evening,1
fires,1
man's,1
booth,1
fifty,1
bonds,1
gnawed,1
sock,1
hook,1
dive,1
perfect,1
view,1
stunned,1
swam,1
purse,1
trash,1
reared,1
snowed,1
rained,1
hailed,1
verse,1
pleasure,1
load,1
shoulder,1
closely,1
gas,1
wipe,1
grease,1
face,1
mend,1
wrist,1
badly,1
strained,1
stray,1
kittens,1
response,1
meal,1
cooked,1
living,1
king,1
ruled,1
state,1
reef,1
sickness,1
shimmered,1
lazy,1
cow,1
lift,1
bind,1
hop,1
plunge,1
gang,1
drug,1
mesh,1
wire,1
keeps,1
chicks,1
frosty,1
passed,1
maze,1
fool,1
adding,1
leads,1
wrong,1
sums,1
flop,1
very,1
tool,1
wagon,1
oiled,1
wheels,1
hill,1
rosebush,1
steps,1
lives,1
raging,1
circus,1
use,1
hardware,1
period,1
creek,1
cars,1
busses,1
stalled,1
hit,1
grand,1
season,1
hikes,1
dune,1
cue,1
actor,1
bay,1
playing,1
finished,1
walled,1
lease,1
sixteen,1
weeks,1
tame,1
squirrel,1
nice,1
pet,1
car,1
woke,1
cop,1
heart,1
strongly,1
strokes,1
peel,1
slices,1
navy,1
attacked,1
task,1
glaring,1
factors,1
brim,1
droopy,1
curled,1
strive,1
seldom,1
close,1
prone,1
hardly,1
limb,1
slush,1
wisp,1
pound,1
fin,1
stupid,1
bail,1
sinking,1
term,1
ended,1
tusk,1
gifts,1
order,1
paid,1
oak,1
also,1
shade,1
dogs,1
hate,1
rust,1
product,1
thieves,1
rob,1
deserve,1
jail,1
cheese,1
improves,1
speed,1
hog,1
vat,1
bark,1
shiny,1
pennant,1
blew,1
split,1
peat,1
give,1
peach,1
cream,1
weave,1
hand,1
hemp,1
weed,1
tropics,1
lame,1
simplest,1
type,1
lists,1
harder,1
boss,1
watchful,1
eye,1
paste,1
cleanse,1
slang,1
raw,1
whiskey,1
booze,1
hind,1
paw,1
wharf,1
farther,1
feel,1
dying,1
tiny,1
cramp,1
danger,1
said,1
pluck,1
plus,1
glow,1
deepened,1
problems,1
chief,1
fond,1
cherish,1
lodging,1
frown,1
events,1
kid,1
guess,1
result,1
scores,1
pickle,1
tastes,1
ham,1
claim,1
verdict,1
thistles,1
bend,1
bred,1
poodles,1
blotter,1
spattered,1
cigar,1
flask,1
speedy,1
track,1
shoelace,1
coffee,1
stand,1
urge,1
pencils,1
been,1
pirates,1
crew,1
replace,1
sewed,1
neatly,1
sofa,1
level,1
figures,1
filing,1
buy,1
abrupt,1
does,1
prize,1
toys,1
knew,1
actress,1
rag,1
shower,1
pipes,1
hissed,1
broken,1
hurt,1
outside,1
scraps,1
littered,1
doctor,1
cured,1
today,1
noon,1
arrived,1
store's,1
account,1
cent,1
acid,1
burns,1
holes,1
wool,1
fairy,1
eight,1
woodland,1
players,1
suffer,1
fright,1
column,1
admire,1
love,1
cook,1
marble,1
smart,1
wearing,1
fig,1
shaped,1
cobs,1
kindle,1
noise,1
started,1
thumb,1
tacks,1
gift,1
buyer,1
gain,1
tongs,1
petals,1
puff,1
class,1
although,1
farmers,1
thresh,1
oat,1
crop,1
attic,1
lure,1
trout,1
flounder,1
bath,1
crane,1
wading,1
bird,1
wonders,1
club,1
rented,1
rink,1
fifth,1
dance,1
hostess,1
taught,1
maid,1
novel,1
inn,1
worst,1
live,1
wires,1
taps,1
erase,1
doorknob,1
wreck,1
occurred,1
writes,1
coax,1
calf,1
bucket,1
schools,1
ladies,1
teach,1
charm,1
axe,1
forest,1
ancient,1
jazz,1
swing,1
rake,1
rubbish,1
slash,1
ribbons,1
court,1
decide,1
pushed,1
attack,1
ties,1
groups,1
former,1
raft,1
backs,1
map,1
x,1
meant,1
whitings,1
nets,1
ads,1
cheat,1
buyers,1
weakly,1
waxed,1
balance,1
madam,1
islands,1
mild,1
world,1
fury,1
fry,1
egg,1
rush,1
reached,1
peak,1
stark,1
lonesome,1
snapper,1
worm,1
snapped,1
hurry,1
yell,1
clap,1
slides,1
walk,1
brothers,1
wear,1
houses,1
bricks,1
ducks,1
flavors,1
fizz,1
drinks,1
canned,1
flavor,1
closet,1
carry,1
spill,1
train,1
hero,1
war,1
rude,1
filled,1
seats,1
football,1
jug,1
dash,1
pepper,1
spoils,1
zestful,1
cross,1
bun,1
trotted,1
brisk,1
pace,1
twin,1
stole,1
necklace,1
binds,1
tightly,1
tape,1
smuggled,1
look,1
drizzle,1
halt,1
bond,1
hired,1
junk,1
yard,1
mouldy,1
flint,1
sputtered,1
lit,1
torch,1
drown,1
jam,1
frozen,1
watched,1
stung,1
courage,1
ridge,1
surface,1
bump,1
flaw,1
hedge,1
apples,1
quench,1
thirst,1
eat,1
rainy,1
mute,1
muffled,1
tones,1
ear,1
pan,1
node,1
stalk,1
wheat,1
daily,1
heap,1
fallen,1
barrel,1
malt,1
hops,1
cans,1
absent,1
window,1
beam,1
dropped,1
workman's,1
clouds,1
danced,1
blown,1
tire,1
let's,1
sing,1
chorus,1
switch,1
minutes,1
walls,1
lined,1
colored,1
frocks,1
peace,1
league,1
discuss,1
fame,1
scarce,1
so,1
fox,1
nozzle,1
hose,1
brings,1
changes,1
purple,1
tie,1
think,1
sometimes,1
mules,1
healthy,1
records,1
crunch,1
copper,1
sun's,1
rays,1
warp,1
unless,1
plush,1
leaned,1
clink,1
metal,1
bathe,1
relax,1
rows,1
shallow,1
tide,1
idea,1
kitten,1
chased,1
pages,1
trace,1
painting,1
women,1
group,1
zones,1
merge,1
central,1
gem,1
rough,1
polish,1
code,1
secrets,1
objects,1
vane,1
revolved,1
mince,1
clan,1
gathered,1
warmth,1
comfort,1
castle,1
fails,1
endure,1
child's,1
wit,1
saved,1
strip,1
vote,1
pour,1
penny,1
woods,1
gather,1
sticks,1
piles,1
tumbled,1
plum,1
king's,1
palate,1
hazy,1
natives,1
capture,1
bear,1
feed,1
flower,1
seeds,1
thaw,1
freed,1
whole,1
key,1
designed,1
lock,1
council,1
thief,1
hash,1
plank,1
walking,1
sparkled,1
ledge,1
tend,1
wanders,1
sign,1
shares,1
profit,1
winds,1
colds,1
fevers,1
asks,1
vouch,1
later,1
sash,1
trim,1
wash,1
game,1
items,1
siege,1
defense,1
grape,1
mix,1
roads,1
paved,1
tar,1
fake,1
shine,1
cost,1
poured,1
heroes,1
eastern,1
heave,1
trims,1
distinct,1
hip,1
knee,1
lingers,1
scarcer,1
lamb,1
sail,1
steer,1
northward,1
cone,1
mondays,1
pod,1
dart,1
cork,1
target,1
shipping,1
dime,1
peddler,1
cried,1
touch,1
hardship,1
seemed,1
nudge,1
restless,1
minds,1
chink,1
allowed,1
restores,1
oath,1
sills,1
pen,1
lag,1
thought,1
seed,1
draw,1
owed,1
pal,1
chap,1
hats,1
dinner,1
ramp,1
highway,1
onto,1
slowly,1
nest,1
housed,1
robins,1
woven,1
mats,1
wax,1
protects,1
scratch,1
picked,1
dice,1
roll,1
nag,1
pulled,1
frail,1
twist,1
release,1
vamp,1
buckle,1
rags,1
itches,1
cuffs,1
pockets,1
marsh,1
slice,1
sausage,1
bloom,1
lasts,1
mare,1
walked,1
breakfast,1
buns,1
bottles,1
kinds,1
wore,1
feather,1
wheeled,1
bike,1
ashes,1
chairs,1
throw,1
neck,1
collar,1
hall,1
drapes,1
stems,1
rack,1
lantern,1
cleat,1
sank,1
deeply,1
turf,1
mailed,1
promptly,1
tenth,1
wait,1
hope,1
price,1
antique,1
played,1
dispense,1
bunch,1
grapes,1
figs,1
cherries,1
hinge,1
creaked,1
sparks,1
helped,1
print,1
death,1
marks,1
limits,1
bottom,1
flew,1
wildly,1
muff,1
stylish,1
priceless,1
matter,1
puzzling,1
lanterns,1
youth,1
drove,1
lived,1
shaggy,1
save,1
spend,1
shut,1
waves,1
push,1
hearts,1
walnut,1
teeth,1
offered,1
proof,1
stuff,1
quart,1
milk,1
told,1
frighten,1
rear,1
passage,1
sweater,1
oats,1
eaten,1
eyelids,1
droop,1
sip,1
revives,1
tuck,1
equal,1
would,1
tailor,1
doll,1
kind,1
sick,1
people,1
packed,1
shipped,1
dusty,1
bench,1
suit,1
nasty,1
shelter,1
still,1
guy,1
writer,1
banned,1
false,1
barred,1
locked,1
bolted,1
queen's,1
table,1
dipped,1
swayed,1
stayed,1
aloft,1
crowded,1
mob,1
arm,1
shall,1
shield,1
honor,1
blushed,1
orchid,1
beetle,1
droned,1
pedal,1
trunk,1
landing,1
payment,1
theft,1
pin,1
secret,1
vast,1
farm,1
grin,1
earned,1
flax,1
hurdle,1
pit,1
aid,1
bid,1
scare,1
partner,1
power,1
peep,1
clowns,1
leaf,1
slow,1
spin,1
cheap,1
flashy,1
despair,1
mails,1
requests,1
ends,1
statement,1
boldly,1
dill,1
pickles,1
sour,1
either,1
method,1
fix,1
clips,1
mumble,1
speech,1
alarm,1
roused,1
meter,1
says,1
trinkets,1
neon,1
clams,1
fan,1
whirled,1
blades,1
softly,1
breathe,1
piny,1
matters,1
reads,1
leather,1
strap,1
toad,1
frog,1
dam,1
caused,1
sockets,1
bribes,1
honest,1
trample,1
spark,1
else,1
flames,1
spread,1
hilt,1
sword,1
designs,1
drilled,1
footprints,1
showed,1
waiting,1
vent,1
prod,1
band,1
length,1
ditch,1
hidden,1
sight,1
mass,1
shrubs,1
package,1
scale,1
outdoors,1
flickered,1
circled,1
lobes,1
ears,1
hammer,1
twelfth,1
speaks,1
true,1
cartridge,1
gun,1
kids,1
public,1
constant,1
sever,1
twine,1
snip,1
preserve,1
strength,1
sullen,1
whistling,1
boys,1
tumbles,1
stately,1
maple,1
swell,1
piece,1
trust,1
choose,1
plea,1
lent,1
gaunt,1
happen,1
duke,1
park,1
coach,1
greet,1
guests,1
frost,1
turkey,1
fierce,1
stripe,1
runs,1
lush,1
ferns,1
lofty,1
rocks,1
ram,1
team,1
timing,1
looks,1
swapped,1
ox,1
sit,1
perch,1
steep,1
trail,1
painful,1
phase,1
moves,1
moss,1
grows,1
northern,1
pitch,1
stable,1
latch,1
goose,1
market,1
sink,1
dishes,1
whiff,1
cure,1
stubborn,1
facts,1
flaps,1
cape,1
parades,1
cruiser,1
fleet,1
loop,1
braid,1
calves,1
thrive,1
tear,1
pad,1
cruise,1
warm,1
waters,1
sleek,1
streak,1
color,1
crouch,1
miss,1
kits,1
peg,1
saves,1
skin,1
poached,1
suffice,1
nerves,1
jangled,1
slam,1
maps,1
different,1
planes,1
dimes,1
showered,1
sides,1
sang,1
tunes,1
party,1
west,1
tinged,1
orange,1
pods,1
ferment,1
fields,1
balked,1
hitch,1
coal,1
shed,1
vase,1
sheath,1
rarest,1
spice,1
east,1
roof,1
tilted,1
slant,1
smatter,1
french,1
none,1
trod,1
treadmill,1
aim,1
contest,1
amounts,1
tang,1
salty,1
cod,1
business,1
slab,1
hewn,1
slate,1
dunk,1
biscuits,1
hang,1
tinsel,1
branches,1
missed,1
firmly,1
pick,1
card,1
slip,1
changing,1
informs,1
ought,1
know,1
mail,1
batches,1
per,1
dots,1
betrayed,1
mantel,1
shift,1
rate,1
extra,1
brightened,1
dim,1
stage,1
scoot,1
job,1
admit,1
faults,1
about,1
pirate's,1
drenching,1
luggage,1
frosted,1
stuffed,1
moving,1
van,1
stitch,1
shortened,1
pocket,1
gloss,1
unfit,1
hail,1
pattered,1
burnt,1
seals,1
stamped,1
sheets,1
troops,1
jammed,1
sale,1
error,1
judge,1
collapse,1
match,1
boiled,1
jell,1
baby,1
puts,1
mouth,1
bombs,1
stare,1
working,1
streets,1
narrow,1
turns,1
jerked,1
leash,1
feline,1
evade,1
net,1
answer,1
became,1
heir,1
throne,1
errand,1
arrive,1
robbed,1
journey,1
neighbor's,1
shell,1
bushes,1
dew,1
blind,1
counted,1
severe,1
tore,1
called,1
